build,wns_ns,whs_ns,directives,xdc,params,signoff,rtl
d1,0.109,0.025,"",,,signed off,"the DMA integrated"
d1-o5,0.059,0.010,"over=0.5",,,signed off,"the DMA integrated"
d1-o5asm,0.047,0.023,"over=0.5;place=AltSpreadLogic_medium",,,signed off,"the DMA integrated"
d2,0.028,0.029,"",,,signed off,"+ the NPU buffer's registered request; the unit counts narrowed"
d2-o5,0.190,0.030,"over=0.5",,,signed off,"+ the NPU buffer's registered request; the unit counts narrowed"
d2-o5asm,0.138,0.012,"over=0.5;place=AltSpreadLogic_medium",,,signed off,"+ the NPU buffer's registered request; the unit counts narrowed"
d3,0.191,0.024,"",,,signed off,"+ the data caches' registered answer"
d3-o5,0.142,0.032,"over=0.5",,,signed off,"+ the data caches' registered answer"
d3-o5asm,0.171,0.012,"over=0.5;place=AltSpreadLogic_medium",,,signed off,"+ the data caches' registered answer"
f1,0.010,0.024,"",,,signed off,"+ the counters' window from the devices (99ef503)"
f1-o5,0.162,0.034,"over=0.5",,,signed off,"+ the counters' window from the devices (99ef503)"
f1-o5asm,0.270,0.021,"over=0.5;place=AltSpreadLogic_medium",,,signed off,"+ the counters' window from the devices (99ef503)"
d3-repeat,0.191,0.024,"",,,signed off,"+ the data caches' registered answer (a rebuild of the same sources)"
f1-repeat,0.010,0.024,"",,,signed off,"+ the counters' window from the devices (99ef503) (a rebuild of the same sources)"
f1-o5asm-repeat,0.270,0.021,"over=0.5;place=AltSpreadLogic_medium",,,signed off,"+ the counters' window from the devices (99ef503) (a rebuild of the same sources)"
g1,0.098,0.008,"",,,signed off,"+ the fabric's reservation as its offset in main memory"
g1-o5,0.027,0.015,"over=0.5",,,signed off,"+ the fabric's reservation as its offset in main memory"
g1-o5asm,0.121,0.022,"over=0.5;place=AltSpreadLogic_medium",,,signed off,"+ the fabric's reservation as its offset in main memory"
g2,0.031,0.020,"",,,signed off,"+ the caches' tags narrowed to main memory's span (final)"
g2-o5,0.118,0.035,"over=0.5",,,signed off,"+ the caches' tags narrowed to main memory's span (final)"
g2-o5asm,0.168,0.015,"over=0.5;place=AltSpreadLogic_medium",,,signed off,"+ the caches' tags narrowed to main memory's span (final)"
g2-o6,0.092,0.021,"over=0.6",,,signed off,"+ the caches' tags narrowed to main memory's span (final)"
g2-o5eto,0.043,0.036,"over=0.5;place=ExtraTimingOpt",,,signed off,"+ the caches' tags narrowed to main memory's span (final)"
g2-o5asmh,0.188,0.022,"over=0.5;place=AltSpreadLogic_high",,,signed off,"+ the caches' tags narrowed to main memory's span (final)"
g2-o5end,0.375,0.022,"over=0.5;place=ExtraNetDelay_high",,,signed off,"+ the caches' tags narrowed to main memory's span (final)"
g2-o5rae,0.118,0.035,"over=0.5;route=AggressiveExplore",,,signed off,"+ the caches' tags narrowed to main memory's span (final)"
g2-end,0.072,0.015,"place=ExtraNetDelay_high",,,signed off,"+ the caches' tags narrowed to main memory's span (final)"
g2-o3end,0.035,0.034,"over=0.3;place=ExtraNetDelay_high",,,signed off,"+ the caches' tags narrowed to main memory's span (final)"
g2-o5end-repeat,0.375,0.022,"over=0.5;place=ExtraNetDelay_high",,,signed off,"+ the caches' tags narrowed to main memory's span (final) (a rebuild of the same sources)"
f1-o5end,0.109,0.035,"over=0.5;place=ExtraNetDelay_high",,,signed off,"+ the counters' window from the devices (99ef503) (built from a worktree of 99ef503)"
