build,wns_ns,whs_ns,directives,xdc,params,timing,rtl
m4,0.154,0.021,"",,,met 10 ns,"20.4's RTL (328891a; the same as 87c6b0a's)"
m4-o5,0.080,0.032,"over=0.5",,,met 10 ns,"20.4's RTL (328891a; the same as 87c6b0a's)"
m4-o5asm,0.228,0.019,"over=0.5;place=AltSpreadLogic_medium",,,met 10 ns,"20.4's RTL (328891a; the same as 87c6b0a's)"
m4-o6,0.070,0.018,"over=0.6",,,met 10 ns,"20.4's RTL (328891a; the same as 87c6b0a's)"
m4-o5eto,0.163,0.024,"over=0.5;place=ExtraTimingOpt",,,met 10 ns,"20.4's RTL (328891a; the same as 87c6b0a's)"
m4-o5asmh,0.033,0.034,"over=0.5;place=AltSpreadLogic_high",,,met 10 ns,"20.4's RTL (328891a; the same as 87c6b0a's)"
m4-o5end,0.177,0.027,"over=0.5;place=ExtraNetDelay_high",,,met 10 ns,"20.4's RTL (328891a; the same as 87c6b0a's)"
m4-o5rae,0.080,0.032,"over=0.5;route=AggressiveExplore",,,met 10 ns,"20.4's RTL (328891a; the same as 87c6b0a's)"
m4-end,0.047,0.034,"place=ExtraNetDelay_high",,,met 10 ns,"20.4's RTL (328891a; the same as 87c6b0a's)"
m4-o3end,0.170,0.035,"over=0.3;place=ExtraNetDelay_high",,,met 10 ns,"20.4's RTL (328891a; the same as 87c6b0a's)"
m4-o5asm-repeat,0.228,0.019,"over=0.5;place=AltSpreadLogic_medium",,,met 10 ns,"20.4's RTL (328891a; the same as 87c6b0a's) (a rebuild of the same sources)"
m4-o4end,0.262,0.025,"over=0.4;place=ExtraNetDelay_high",,,met 10 ns,"20.4's RTL (328891a; the same as 87c6b0a's)"
m4-o5enl,0.227,0.033,"over=0.5;place=ExtraNetDelay_low",,,met 10 ns,"20.4's RTL (328891a; the same as 87c6b0a's)"
m4-o5asl,0.163,0.018,"over=0.5;place=AltSpreadLogic_low",,,met 10 ns,"20.4's RTL (328891a; the same as 87c6b0a's)"
m4-o5epo,0.166,0.032,"over=0.5;place=ExtraPostPlacementOpt",,,met 10 ns,"20.4's RTL (328891a; the same as 87c6b0a's)"
m4-o5wld,0.041,0.022,"over=0.5;place=WLDrivenBlockPlacement",,,met 10 ns,"20.4's RTL (328891a; the same as 87c6b0a's)"
m4-asm,0.043,0.043,"place=AltSpreadLogic_medium",,,met 10 ns,"20.4's RTL (328891a; the same as 87c6b0a's)"
m4-o5asm-mgi,0.333,0.022,"over=0.5;place=AltSpreadLogic_medium;route=MoreGlobalIterations",,,met 10 ns,"20.4's RTL (328891a; the same as 87c6b0a's)"
m4-o5asm-ntr,0.178,0.022,"over=0.5;place=AltSpreadLogic_medium;route=NoTimingRelaxation",,,met 10 ns,"20.4's RTL (328891a; the same as 87c6b0a's)"
m4-o7,0.122,0.027,"over=0.7",,,met 10 ns,"20.4's RTL (328891a; the same as 87c6b0a's)"
m4-o5asm-mgi-repeat,0.333,0.022,"over=0.5;place=AltSpreadLogic_medium;route=MoreGlobalIterations",,,met 10 ns,"20.4's RTL (328891a; the same as 87c6b0a's) (a rebuild of the same sources)"
